[
    {
        "Id": 501,
        "LedRelativePower": 33.66814422607422,
        "PhaseOffset": 0,
        "RefValue": 616.3441162109375
    },
    {
        "Id": 502,
        "LedRelativePower": 15.238370895385742,
        "PhaseOffset": -2.420318603515625,
        "RefValue": 115
    },
    {
        "Id": 503,
        "LedRelativePower": 32.81760025024414,
        "PhaseOffset": -360.93017578125,
        "RefValue": 75
    },
    {
        "Id": 521,
        "LedRelativePower": 12.19453239440918,
        "PhaseOffset": -360.7479248046875,
        "RefValue": 100
    },
    {
        "Id": 524,
        "LedRelativePower": 40.210933685302734,
        "PhaseOffset": -360.687744140625,
        "RefValue": 2447.654541015625
    },
    {
        "Id": 527,
        "LedRelativePower": 80,
        "PhaseOffset": 0,
        "RefValue": 3174.3701171875
    },
    {
        "Id": 528,
        "LedRelativePower": 40.302520751953125,
        "PhaseOffset": -360.990966796875,
        "RefValue": 100
    }
]
