[
  {
    "Ex": 488,
    "Em": 580,
    "FretEnabled": false,
    "Em2": -1,
    "ReferencingValue": 100.0,
    "ReferencingTarget": 100.0,
    "ReferencePosition": 1,
    "ReferencingGain": 1,
    "SinusFrequency": 2,
    "LedRelativePower": 60.0,
    "NbrOfSamples": 450,
    "MeasurementAngle": 45,
    "TriggerAveraging": 16,
    "PhaseOffset": 0.0,
    "TriggerRotationDelay": 180,
    "TriggerUsed": true,
    "MinWarmupTime": 10,
    "Id": 540,
    "Name": "PI",
    "FilterType": "Intensity",
    "Gain": 1
  },
  {
    "Ex": 430,
    "Em": 486,
    "FretEnabled": false,
    "Em2": -1,
    "ReferencingValue": 100.0,
    "ReferencingTarget": 3200.0,
    "ReferencePosition": 1,
    "ReferencingGain": 3,
    "SinusFrequency": 2,
    "LedRelativePower": 60.0,
    "NbrOfSamples": 450,
    "MeasurementAngle": 45,
    "TriggerAveraging": 16,
    "PhaseOffset": 0.0,
    "TriggerRotationDelay": 180,
    "TriggerUsed": true,
    "MinWarmupTime": 10,
    "Id": 543,
    "Name": "eCFP",
    "FilterType": "Intensity",
    "Gain": 3
  },
  {
    "Ex": 430,
    "Em": 532,
    "FretEnabled": false,
    "Em2": -1,
    "ReferencingValue": 100.0,
    "ReferencingTarget": 3200.0,
    "ReferencePosition": 1,
    "ReferencingGain": 3,
    "SinusFrequency": 2,
    "LedRelativePower": 60.0,
    "NbrOfSamples": 450,
    "MeasurementAngle": 45,
    "TriggerAveraging": 16,
    "PhaseOffset": 0.0,
    "TriggerRotationDelay": 180,
    "TriggerUsed": true,
    "MinWarmupTime": 10,
    "Id": 544,
    "Name": "eCFP-Citrine",
    "FilterType": "Intensity",
    "Gain": 3
  },
  {
    "Ex": 375,
    "Em": 445,
    "FretEnabled": false,
    "Em2": -1,
    "ReferencingValue": 0.0,
    "ReferencingTarget": 100.0,
    "ReferencePosition": 0,
    "ReferencingGain": 1,
    "SinusFrequency": 2,
    "LedRelativePower": 60.0,
    "NbrOfSamples": 450,
    "MeasurementAngle": 45,
    "TriggerAveraging": 16,
    "PhaseOffset": 0.0,
    "TriggerRotationDelay": 180,
    "TriggerUsed": true,
    "MinWarmupTime": 10,
    "Id": 545,
    "Name": "BFP II",
    "FilterType": "Intensity",
    "Gain": 1
  },
  {
    "Ex": 505,
    "Em": 520,
    "FretEnabled": false,
    "Em2": -1,
    "ReferencingValue": 100.0,
    "ReferencingTarget": 100.0,
    "ReferencePosition": 3,
    "ReferencingGain": 1,
    "SinusFrequency": 2,
    "LedRelativePower": 60.0,
    "NbrOfSamples": 450,
    "MeasurementAngle": 45,
    "TriggerAveraging": 16,
    "PhaseOffset": 0.0,
    "TriggerRotationDelay": 180,
    "TriggerUsed": true,
    "MinWarmupTime": 10,
    "Id": 546,
    "Name": "GFP II",
    "FilterType": "Intensity",
    "Gain": 1
  },
  {
    "Ex": 480,
    "Em": 589,
    "FretEnabled": false,
    "Em2": -1,
    "ReferencingValue": 100.0,
    "ReferencingTarget": 100.0,
    "ReferencePosition": 1,
    "ReferencingGain": 1,
    "SinusFrequency": 2,
    "LedRelativePower": 60.0,
    "NbrOfSamples": 450,
    "MeasurementAngle": 45,
    "TriggerAveraging": 16,
    "PhaseOffset": 0.0,
    "TriggerRotationDelay": 180,
    "TriggerUsed": true,
    "MinWarmupTime": 10,
    "Id": 547,
    "Name": "Doxorubicin",
    "FilterType": "Intensity",
    "Gain": 1
  },
  {
    "Ex": 450,
    "Em": 675,
    "FretEnabled": false,
    "Em2": -1,
    "ReferencingValue": 100.0,
    "ReferencingTarget": 100.0,
    "ReferencePosition": 2,
    "ReferencingGain": 1,
    "SinusFrequency": 2,
    "LedRelativePower": 60.0,
    "NbrOfSamples": 450,
    "MeasurementAngle": 45,
    "TriggerAveraging": 16,
    "PhaseOffset": 0.0,
    "TriggerRotationDelay": 180,
    "TriggerUsed": true,
    "MinWarmupTime": 10,
    "Id": 549,
    "Name": "Chlorophyll a-b",
    "FilterType": "Intensity",
    "Gain": 1
  },
  {
    "Ex": 660,
    "Em": 694,
    "FretEnabled": false,
    "Em2": -1,
    "ReferencingValue": 100.0,
    "ReferencingTarget": 100.0,
    "ReferencePosition": 2,
    "ReferencingGain": 1,
    "SinusFrequency": 2,
    "LedRelativePower": 60.0,
    "NbrOfSamples": 450,
    "MeasurementAngle": 45,
    "TriggerAveraging": 16,
    "PhaseOffset": 0.0,
    "TriggerRotationDelay": 180,
    "TriggerUsed": true,
    "MinWarmupTime": 20,
    "Id": 550,
    "Name": "Chlorophyll a",
    "FilterType": "Intensity",
    "Gain": 1
  },
  {
    "Ex": 470,
    "Em": 636,
    "FretEnabled": false,
    "Em2": -1,
    "ReferencingValue": 100.0,
    "ReferencingTarget": 100.0,
    "ReferencePosition": 2,
    "ReferencingGain": 1,
    "SinusFrequency": 2,
    "LedRelativePower": 60.0,
    "NbrOfSamples": 450,
    "MeasurementAngle": 45,
    "TriggerAveraging": 16,
    "PhaseOffset": 0.0,
    "TriggerRotationDelay": 180,
    "TriggerUsed": true,
    "MinWarmupTime": 10,
    "Id": 551,
    "Name": "Chlorophyll b",
    "FilterType": "Intensity",
    "Gain": 1
  },
  {
    "Ex": 730,
    "Em": 730,
    "FretEnabled": false,
    "Em2": -1,
    "ReferencingValue": 100.0,
    "ReferencingTarget": 100.0,
    "ReferencePosition": 1,
    "ReferencingGain": 1,
    "SinusFrequency": 1,
    "LedRelativePower": 30.0,
    "NbrOfSamples": 1200,
    "MeasurementAngle": 25,
    "TriggerAveraging": 16,
    "PhaseOffset": 0.0,
    "TriggerRotationDelay": 180,
    "TriggerUsed": true,
    "MinWarmupTime": 20,
    "Id": 552,
    "Name": "Biomass 730",
    "FilterType": "Intensity",
    "Gain": 1
  },
  {
    "Ex": 850,
    "Em": 850,
    "FretEnabled": false,
    "Em2": -1,
    "ReferencingValue": 100.0,
    "ReferencingTarget": 100.0,
    "ReferencePosition": 1,
    "ReferencingGain": 1,
    "SinusFrequency": 1,
    "LedRelativePower": 30.0,
    "NbrOfSamples": 1200,
    "MeasurementAngle": 25,
    "TriggerAveraging": 16,
    "PhaseOffset": 0.0,
    "TriggerRotationDelay": 180,
    "TriggerUsed": true,
    "MinWarmupTime": 20,
    "Id": 553,
    "Name": "Biomass 850",
    "FilterType": "Intensity",
    "Gain": 1
  },
  {
    "Ex": 470,
    "Em": 636,
    "FretEnabled": false,
    "Em2": -1,
    "ReferencingValue": 100.0,
    "ReferencingTarget": 100.0,
    "ReferencePosition": 2,
    "ReferencingGain": 1,
    "SinusFrequency": 2,
    "LedRelativePower": 60.0,
    "NbrOfSamples": 450,
    "MeasurementAngle": 45,
    "TriggerAveraging": 16,
    "PhaseOffset": 0.0,
    "TriggerRotationDelay": 180,
    "TriggerUsed": true,
    "MinWarmupTime": 10,
    "Id": 554,
    "Name": "Chlorophyll b II",
    "FilterType": "Intensity",
    "Gain": 1
  },
  {
    "Ex": 750,
    "Em": 750,
    "FretEnabled": false,
    "Em2": -1,
    "ReferencingValue": 100.0,
    "ReferencingTarget": 100.0,
    "ReferencePosition": 1,
    "ReferencingGain": 1,
    "SinusFrequency": 1,
    "LedRelativePower": 60.0,
    "NbrOfSamples": 450,
    "MeasurementAngle": 45,
    "TriggerAveraging": 16,
    "PhaseOffset": 0.0,
    "TriggerRotationDelay": 180,
    "TriggerUsed": true,
    "MinWarmupTime": 10,
    "Id": 555,
    "Name": "Biomass 750",
    "FilterType": "Intensity",
    "Gain": 1
  },
  {
    "Ex": 730,
    "Em": 730,
    "FretEnabled": false,
    "Em2": -1,
    "ReferencingValue": 100.0,
    "ReferencingTarget": 100.0,
    "ReferencePosition": 1,
    "ReferencingGain": 1,
    "SinusFrequency": 1,
    "LedRelativePower": 60.0,
    "NbrOfSamples": 450,
    "MeasurementAngle": 45,
    "TriggerAveraging": 16,
    "PhaseOffset": 0.0,
    "TriggerRotationDelay": 180,
    "TriggerUsed": true,
    "MinWarmupTime": 10,
    "Id": 556,
    "Name": "Biomass 730",
    "FilterType": "Intensity",
    "Gain": 1
  },
  {
    "Ex": 850,
    "Em": 850,
    "FretEnabled": false,
    "Em2": -1,
    "ReferencingValue": 100.0,
    "ReferencingTarget": 100.0,
    "ReferencePosition": 0,
    "ReferencingGain": 1,
    "SinusFrequency": 1,
    "LedRelativePower": 60.0,
    "NbrOfSamples": 450,
    "MeasurementAngle": 45,
    "TriggerAveraging": 16,
    "PhaseOffset": 0.0,
    "TriggerRotationDelay": 180,
    "TriggerUsed": true,
    "MinWarmupTime": 10,
    "Id": 557,
    "Name": "Biomass 850",
    "FilterType": "Intensity",
    "Gain": 1
  },
  {
    "Ex": 620,
    "Em": 620,
    "FretEnabled": false,
    "Em2": -1,
    "ReferencingValue": 100.0,
    "ReferencingTarget": 620.0,
    "ReferencePosition": 1,
    "ReferencingGain": 2,
    "SinusFrequency": 1,
    "LedRelativePower": 30.0,
    "NbrOfSamples": 1200,
    "MeasurementAngle": 25,
    "TriggerAveraging": 16,
    "PhaseOffset": 0.0,
    "TriggerRotationDelay": 180,
    "TriggerUsed": true,
    "MinWarmupTime": 30,
    "Id": 501,
    "Name": "Biomass",
    "FilterType": "Intensity",
    "Gain": 2
  },
  {
    "Ex": 470,
    "Em": 525,
    "FretEnabled": false,
    "Em2": -1,
    "ReferencingValue": 100.0,
    "ReferencingTarget": 942.0,
    "ReferencePosition": 3,
    "ReferencingGain": 7,
    "SinusFrequency": 1,
    "LedRelativePower": 20.0,
    "NbrOfSamples": 450,
    "MeasurementAngle": 20,
    "TriggerAveraging": 16,
    "PhaseOffset": 0.0,
    "TriggerRotationDelay": 180,
    "TriggerUsed": true,
    "MinWarmupTime": 20,
    "Id": 502,
    "Name": "pH(HP8)",
    "FilterType": "pH",
    "Gain": 7
  },
  {
    "Ex": 520,
    "Em": 600,
    "FretEnabled": false,
    "Em2": -1,
    "ReferencingValue": 100.0,
    "ReferencingTarget": 614.0,
    "ReferencePosition": 3,
    "ReferencingGain": 7,
    "SinusFrequency": 2,
    "LedRelativePower": 25.0,
    "NbrOfSamples": 450,
    "MeasurementAngle": 35,
    "TriggerAveraging": 16,
    "PhaseOffset": -360.0,
    "TriggerRotationDelay": 180,
    "TriggerUsed": true,
    "MinWarmupTime": 20,
    "Id": 503,
    "Name": "DO(PSt3)",
    "FilterType": "DO",
    "Gain": 7
  },
  {
    "Ex": 480,
    "Em": 525,
    "FretEnabled": false,
    "Em2": -1,
    "ReferencingValue": 100.0,
    "ReferencingTarget": 250.0,
    "ReferencePosition": 3,
    "ReferencingGain": 5,
    "SinusFrequency": 2,
    "LedRelativePower": 60.0,
    "NbrOfSamples": 450,
    "MeasurementAngle": 45,
    "TriggerAveraging": 16,
    "PhaseOffset": 0.0,
    "TriggerRotationDelay": 180,
    "TriggerUsed": true,
    "MinWarmupTime": 10,
    "Id": 504,
    "Name": "GFP",
    "FilterType": "Intensity",
    "Gain": 5
  },
  {
    "Ex": 365,
    "Em": 450,
    "FretEnabled": false,
    "Em2": -1,
    "ReferencingValue": 0.0,
    "ReferencingTarget": 100.0,
    "ReferencePosition": 0,
    "ReferencingGain": 1,
    "SinusFrequency": 2,
    "LedRelativePower": 60.0,
    "NbrOfSamples": 450,
    "MeasurementAngle": 45,
    "TriggerAveraging": 16,
    "PhaseOffset": 0.0,
    "TriggerRotationDelay": 180,
    "TriggerUsed": true,
    "MinWarmupTime": 10,
    "Id": 505,
    "Name": "NADH - NADPH",
    "FilterType": "Intensity",
    "Gain": 1
  },
  {
    "Ex": 540,
    "Em": 589,
    "FretEnabled": false,
    "Em2": -1,
    "ReferencingValue": 100.0,
    "ReferencingTarget": 100.0,
    "ReferencePosition": 1,
    "ReferencingGain": 1,
    "SinusFrequency": 2,
    "LedRelativePower": 60.0,
    "NbrOfSamples": 450,
    "MeasurementAngle": 45,
    "TriggerAveraging": 16,
    "PhaseOffset": 0.0,
    "TriggerRotationDelay": 180,
    "TriggerUsed": true,
    "MinWarmupTime": 10,
    "Id": 506,
    "Name": "AlmarBlue",
    "FilterType": "Intensity",
    "Gain": 1
  },
  {
    "Ex": 550,
    "Em": 580,
    "FretEnabled": false,
    "Em2": -1,
    "ReferencingValue": 100.0,
    "ReferencingTarget": 100.0,
    "ReferencePosition": 2,
    "ReferencingGain": 1,
    "SinusFrequency": 2,
    "LedRelativePower": 60.0,
    "NbrOfSamples": 450,
    "MeasurementAngle": 45,
    "TriggerAveraging": 16,
    "PhaseOffset": 0.0,
    "TriggerRotationDelay": 180,
    "TriggerUsed": true,
    "MinWarmupTime": 10,
    "Id": 507,
    "Name": "dsRedI-tdTomato",
    "FilterType": "Intensity",
    "Gain": 1
  },
  {
    "Ex": 568,
    "Em": 589,
    "FretEnabled": false,
    "Em2": -1,
    "ReferencingValue": 100.0,
    "ReferencingTarget": 100.0,
    "ReferencePosition": 2,
    "ReferencingGain": 1,
    "SinusFrequency": 2,
    "LedRelativePower": 60.0,
    "NbrOfSamples": 450,
    "MeasurementAngle": 45,
    "TriggerAveraging": 16,
    "PhaseOffset": 0.0,
    "TriggerRotationDelay": 180,
    "TriggerUsed": true,
    "MinWarmupTime": 10,
    "Id": 508,
    "Name": "dsRedII-mApple",
    "FilterType": "Intensity",
    "Gain": 1
  },
  {
    "Ex": 436,
    "Em": 488,
    "FretEnabled": false,
    "Em2": -1,
    "ReferencingValue": 100.0,
    "ReferencingTarget": 100.0,
    "ReferencePosition": 1,
    "ReferencingGain": 1,
    "SinusFrequency": 2,
    "LedRelativePower": 60.0,
    "NbrOfSamples": 450,
    "MeasurementAngle": 45,
    "TriggerAveraging": 16,
    "PhaseOffset": 0.0,
    "TriggerRotationDelay": 180,
    "TriggerUsed": true,
    "MinWarmupTime": 10,
    "Id": 509,
    "Name": "CFP I",
    "FilterType": "Intensity",
    "Gain": 1
  },
  {
    "Ex": 405,
    "Em": 508,
    "FretEnabled": false,
    "Em2": -1,
    "ReferencingValue": 100.0,
    "ReferencingTarget": 100.0,
    "ReferencePosition": 1,
    "ReferencingGain": 1,
    "SinusFrequency": 2,
    "LedRelativePower": 60.0,
    "NbrOfSamples": 450,
    "MeasurementAngle": 45,
    "TriggerAveraging": 16,
    "PhaseOffset": 0.0,
    "TriggerRotationDelay": 180,
    "TriggerUsed": true,
    "MinWarmupTime": 10,
    "Id": 512,
    "Name": "wtGFP - GFP-UV",
    "FilterType": "Intensity",
    "Gain": 1
  },
  {
    "Ex": 508,
    "Em": 532,
    "FretEnabled": false,
    "Em2": -1,
    "ReferencingValue": 100.0,
    "ReferencingTarget": 100.0,
    "ReferencePosition": 1,
    "ReferencingGain": 1,
    "SinusFrequency": 2,
    "LedRelativePower": 60.0,
    "NbrOfSamples": 450,
    "MeasurementAngle": 45,
    "TriggerAveraging": 16,
    "PhaseOffset": 0.0,
    "TriggerRotationDelay": 180,
    "TriggerUsed": true,
    "MinWarmupTime": 10,
    "Id": 515,
    "Name": "eYFP - Citrine",
    "FilterType": "Intensity",
    "Gain": 1
  },
  {
    "Ex": 589,
    "Em": 671,
    "FretEnabled": false,
    "Em2": -1,
    "ReferencingValue": 100.0,
    "ReferencingTarget": 100.0,
    "ReferencePosition": 2,
    "ReferencingGain": 1,
    "SinusFrequency": 2,
    "LedRelativePower": 60.0,
    "NbrOfSamples": 450,
    "MeasurementAngle": 45,
    "TriggerAveraging": 16,
    "PhaseOffset": 0.0,
    "TriggerRotationDelay": 180,
    "TriggerUsed": true,
    "MinWarmupTime": 10,
    "Id": 517,
    "Name": "nile red",
    "FilterType": "Intensity",
    "Gain": 1
  },
  {
    "Ex": 450,
    "Em": 500,
    "FretEnabled": false,
    "Em2": -1,
    "ReferencingValue": 100.0,
    "ReferencingTarget": 100.0,
    "ReferencePosition": 1,
    "ReferencingGain": 1,
    "SinusFrequency": 2,
    "LedRelativePower": 60.0,
    "NbrOfSamples": 450,
    "MeasurementAngle": 45,
    "TriggerAveraging": 16,
    "PhaseOffset": 0.0,
    "TriggerRotationDelay": 180,
    "TriggerUsed": true,
    "MinWarmupTime": 10,
    "Id": 518,
    "Name": "Evoglow",
    "FilterType": "Intensity",
    "Gain": 1
  },
  {
    "Ex": 589,
    "Em": 610,
    "FretEnabled": false,
    "Em2": -1,
    "ReferencingValue": 100.0,
    "ReferencingTarget": 1000.0,
    "ReferencePosition": 2,
    "ReferencingGain": 2,
    "SinusFrequency": 2,
    "LedRelativePower": 60.0,
    "NbrOfSamples": 450,
    "MeasurementAngle": 45,
    "TriggerAveraging": 16,
    "PhaseOffset": 0.0,
    "TriggerRotationDelay": 180,
    "TriggerUsed": true,
    "MinWarmupTime": 10,
    "Id": 519,
    "Name": "mCherry",
    "FilterType": "Intensity",
    "Gain": 2
  },
  {
    "Ex": 508,
    "Em": 550,
    "FretEnabled": false,
    "Em2": -1,
    "ReferencingValue": 100.0,
    "ReferencingTarget": 1311.0,
    "ReferencePosition": 3,
    "ReferencingGain": 8,
    "SinusFrequency": 2,
    "LedRelativePower": 17.0,
    "NbrOfSamples": 450,
    "MeasurementAngle": 35,
    "TriggerAveraging": 16,
    "PhaseOffset": -360.0,
    "TriggerRotationDelay": 180,
    "TriggerUsed": true,
    "MinWarmupTime": 20,
    "Id": 521,
    "Name": "pH(LG1)",
    "FilterType": "pH",
    "Gain": 8
  },
  {
    "Ex": 515,
    "Em": 532,
    "FretEnabled": false,
    "Em2": -1,
    "ReferencingValue": 100.0,
    "ReferencingTarget": 100.0,
    "ReferencePosition": 1,
    "ReferencingGain": 1,
    "SinusFrequency": 2,
    "LedRelativePower": 60.0,
    "NbrOfSamples": 450,
    "MeasurementAngle": 45,
    "TriggerAveraging": 16,
    "PhaseOffset": 0.0,
    "TriggerRotationDelay": 180,
    "TriggerUsed": true,
    "MinWarmupTime": 10,
    "Id": 522,
    "Name": "mVenus",
    "FilterType": "Intensity",
    "Gain": 1
  },
  {
    "Ex": 625,
    "Em": 750,
    "FretEnabled": false,
    "Em2": -1,
    "ReferencingValue": 100.0,
    "ReferencingTarget": 2458.0,
    "ReferencePosition": 2,
    "ReferencingGain": 6,
    "SinusFrequency": 2,
    "LedRelativePower": 30.0,
    "NbrOfSamples": 450,
    "MeasurementAngle": 35,
    "TriggerAveraging": 16,
    "PhaseOffset": -360.0,
    "TriggerRotationDelay": 180,
    "TriggerUsed": true,
    "MinWarmupTime": 20,
    "Id": 524,
    "Name": "pH(pH51)",
    "FilterType": "pH",
    "Gain": 6
  },
  {
    "Ex": 436,
    "Em": 540,
    "FretEnabled": false,
    "Em2": -1,
    "ReferencingValue": 100.0,
    "ReferencingTarget": 3200.0,
    "ReferencePosition": 1,
    "ReferencingGain": 3,
    "SinusFrequency": 2,
    "LedRelativePower": 60.0,
    "NbrOfSamples": 450,
    "MeasurementAngle": 45,
    "TriggerAveraging": 16,
    "PhaseOffset": 0.0,
    "TriggerRotationDelay": 180,
    "TriggerUsed": true,
    "MinWarmupTime": 10,
    "Id": 527,
    "Name": "Riboflavine",
    "FilterType": "Intensity",
    "Gain": 3
  },
  {
    "Ex": 625,
    "Em": 775,
    "FretEnabled": false,
    "Em2": -1,
    "ReferencingValue": 100.0,
    "ReferencingTarget": 221.0,
    "ReferencePosition": 2,
    "ReferencingGain": 4,
    "SinusFrequency": 2,
    "LedRelativePower": 30.0,
    "NbrOfSamples": 450,
    "MeasurementAngle": 35,
    "TriggerAveraging": 16,
    "PhaseOffset": -360.0,
    "TriggerRotationDelay": 180,
    "TriggerUsed": true,
    "MinWarmupTime": 20,
    "Id": 528,
    "Name": "DO(RF)",
    "FilterType": "DO",
    "Gain": 4
  },
  {
    "Ex": 405,
    "Em": 520,
    "FretEnabled": false,
    "Em2": -1,
    "ReferencingValue": 100.0,
    "ReferencingTarget": 985.0,
    "ReferencePosition": 1,
    "ReferencingGain": 1,
    "SinusFrequency": 2,
    "LedRelativePower": 50.0,
    "NbrOfSamples": 450,
    "MeasurementAngle": 45,
    "TriggerAveraging": 16,
    "PhaseOffset": 0.0,
    "TriggerRotationDelay": 180,
    "TriggerUsed": true,
    "MinWarmupTime": 10,
    "Id": 529,
    "Name": "HPTS I",
    "FilterType": "Intensity",
    "Gain": 6
  },
  {
    "Ex": 450,
    "Em": 520,
    "FretEnabled": false,
    "Em2": -1,
    "ReferencingValue": 100.0,
    "ReferencingTarget": 1475.0,
    "ReferencePosition": 1,
    "ReferencingGain": 6,
    "SinusFrequency": 2,
    "LedRelativePower": 30.0,
    "NbrOfSamples": 450,
    "MeasurementAngle": 45,
    "TriggerAveraging": 16,
    "PhaseOffset": -360.0,
    "TriggerRotationDelay": 180,
    "TriggerUsed": true,
    "MinWarmupTime": 10,
    "Id": 530,
    "Name": "HPTS II",
    "FilterType": "pH",
    "Gain": 6
  },
  {
    "Ex": 532,
    "Em": 620,
    "FretEnabled": false,
    "Em2": -1,
    "ReferencingValue": 100.0,
    "ReferencingTarget": 100.0,
    "ReferencePosition": 1,
    "ReferencingGain": 1,
    "SinusFrequency": 2,
    "LedRelativePower": 60.0,
    "NbrOfSamples": 450,
    "MeasurementAngle": 45,
    "TriggerAveraging": 16,
    "PhaseOffset": 0.0,
    "TriggerRotationDelay": 180,
    "TriggerUsed": true,
    "MinWarmupTime": 10,
    "Id": 532,
    "Name": "Propidiumiodid",
    "FilterType": "Intensity",
    "Gain": 1
  },
  {
    "Ex": 550,
    "Em": 610,
    "FretEnabled": false,
    "Em2": -1,
    "ReferencingValue": 100.0,
    "ReferencingTarget": 100.0,
    "ReferencePosition": 2,
    "ReferencingGain": 1,
    "SinusFrequency": 2,
    "LedRelativePower": 60.0,
    "NbrOfSamples": 450,
    "MeasurementAngle": 45,
    "TriggerAveraging": 16,
    "PhaseOffset": 0.0,
    "TriggerRotationDelay": 180,
    "TriggerUsed": true,
    "MinWarmupTime": 10,
    "Id": 535,
    "Name": "mRuby",
    "FilterType": "Intensity",
    "Gain": 1
  }
]